PM1,PM2.5,PM10,Tempature,Gas,Humidity,Pressure,Altitude,Time in Seconds,Time
0,0,0,23.2528515625,12925,17.680557909950352,1012.2861210896963,8.028043295511782,1676507087.6563427,2023-02-15 16:24:47.656350
0,0,0,23.2735546875,5127,17.647964127401607,1012.2840128198203,8.04560963007765,1676507088.8503327,2023-02-15 16:24:48.850339
0,0,0,23.3149609375,6488,17.61165800924425,1012.2916335075355,7.982113368798988,1676507090.0441117,2023-02-15 16:24:50.044117
0,0,0,23.3571484375,7550,17.560969305401997,1012.2853441174901,8.034517109232311,1676507091.237803,2023-02-15 16:24:51.237808
0,0,0,23.394453125,8443,17.524461203773264,1012.2741506296724,8.127782867497288,1676507092.4305882,2023-02-15 16:24:52.430597
0,0,0,23.426484375,9233,17.46845565342555,1012.2743145740615,8.126416853125294,1676507093.631148,2023-02-15 16:24:53.631156
0,0,0,23.4544140625,9992,17.412255118592242,1012.270904145557,8.154833198572103,1676507094.8245356,2023-02-15 16:24:54.824545
0,0,0,23.4782421875,10712,17.351059289521952,1012.2673051573142,8.18482074403957,1676507096.0190134,2023-02-15 16:24:56.019022
0,0,0,23.4989453125,11405,17.318528270616515,1012.2668670659249,8.188471021783473,1676507097.2138648,2023-02-15 16:24:57.213874
0,0,0,23.5175,12016,17.285891891684837,1012.2678618584057,8.180182184955582,1676507098.4080222,2023-02-15 16:24:58.408030
0,0,0,23.5321484375,12670,17.25305945695626,1012.2639250594293,8.212984526500653,1676507099.6022913,2023-02-15 16:24:59.602301
0,1,1,23.5454296875,13175,17.234555915083074,1012.2593617740589,8.251007030330518,1676507100.7970164,2023-02-15 16:25:00.797025
0,1,1,23.55578125,13802,17.206308710088233,1012.259985977758,8.24580599138387,1676507101.9967241,2023-02-15 16:25:01.996732
0,1,1,23.5641796875,14315,17.177966183819613,1012.2572985651605,8.26819827956736,1676507103.196299,2023-02-15 16:25:03.196307
0,1,1,23.56984375,14816,17.159077827502234,1012.255052923437,8.28690964375684,1676507104.3893356,2023-02-15 16:25:04.389343
0,1,1,23.5755078125,15342,17.13060416062169,1012.2511145130659,8.319725748072063,1676507105.582261,2023-02-15 16:25:05.582269
0,1,1,23.5786328125,15824,17.11159169210408,1012.247949296135,8.34609943041905,1676507106.7819521,2023-02-15 16:25:06.781960
0,1,1,23.5809765625,16162,17.097334232282464,1012.2502299855076,8.32709593092957,1676507107.9749346,2023-02-15 16:25:07.974944
0,1,1,23.582734375,16658,17.083048246524687,1012.2549025561474,8.288162550571359,1676507109.1759915,2023-02-15 16:25:09.176000
0,1,1,23.5833203125,17088,17.063912504046268,1012.2575884869335,8.265782566355794,1676507110.3766177,2023-02-15 16:25:10.376626
0,1,1,23.583125,17440,17.04953015519257,1012.2504869539596,8.324954782312746,1676507111.5693367,2023-02-15 16:25:11.569345
0,1,1,23.583125,17927,17.030369875285217,1012.247101742376,8.35316155284895,1676507112.7645743,2023-02-15 16:25:12.764581
0,1,1,23.581171875,18331,17.01111268358068,1012.2471758912138,8.352543717902233,1676507113.9640272,2023-02-15 16:25:13.964035
0,1,1,23.5786328125,18604,16.98704098127156,1012.2530270788275,8.303789620934284,1676507115.156953,2023-02-15 16:25:15.156961
0,1,1,23.576484375,19057,16.977355833797322,1012.2578478273966,8.263621666057773,1676507116.350051,2023-02-15 16:25:16.350059
0,1,1,23.57375,19388,16.972428685915993,1012.253212274274,8.302246512838723,1676507117.5513136,2023-02-15 16:25:17.551321
0,1,1,23.570625,19713,16.962695029391824,1012.2462219336506,8.36049244031198,1676507118.747024,2023-02-15 16:25:18.747033
0,1,1,23.56828125,20030,16.953002257118687,1012.2490188879631,8.337187213855339,1676507119.9485717,2023-02-15 16:25:19.948580
0,1,1,23.5649609375,20436,16.948046473825414,1012.2450825568897,8.369986151067563,1676507121.1510022,2023-02-15 16:25:21.151011
0,1,1,23.56203125,20716,16.93832523189313,1012.2519637453797,8.31264966203552,1676507122.350718,2023-02-15 16:25:22.350726
0,1,1,23.5594921875,21046,16.942981272523113,1012.2510443469387,8.320310395791093,1676507123.5437133,2023-02-15 16:25:23.543722
0,1,1,23.5563671875,21257,16.933250650062526,1012.2559017254165,8.27983716569004,1676507124.7369044,2023-02-15 16:25:24.736913
0,1,1,23.5536328125,21604,16.93311109834646,1012.2563436661986,8.276154781633874,1676507125.9300396,2023-02-15 16:25:25.930048
0,1,1,23.5512890625,21827,16.92820632672825,1012.2523702397789,8.309262617228498,1676507127.123216,2023-02-15 16:25:27.123225
0,1,1,23.54796875,22123,16.92325200728685,1012.2450487125051,8.370268155195848,1676507128.316419,2023-02-15 16:25:28.316428
0,1,1,23.5442578125,22404,16.918278060828005,1012.2506050158784,8.323971050369307,1676507129.5160239,2023-02-15 16:25:29.516031
0,1,1,23.5407421875,22790,16.91809879678832,1012.2463373438983,8.359530799703586,1676507130.70902,2023-02-15 16:25:30.709028
0,1,1,23.5391796875,23038,16.922803728676836,1012.2470733625725,8.35339802365257,1676507131.9018874,2023-02-15 16:25:31.901895
0,1,1,23.53625,23317,16.927439076473497,1012.2522614480512,8.310169105518598,1676507133.101499,2023-02-15 16:25:33.101507
0,0,0,23.533125,23472,16.927279662970566,1012.2554258462128,8.283802336377411,1676507134.3009276,2023-02-15 16:25:34.300935
0,0,0,23.5294140625,23746,16.92709036619393,1012.247441986303,8.350326517628426,1676507135.4936132,2023-02-15 16:25:35.493622
0,0,0,23.526875,24110,16.936530739226562,1012.2532921201599,8.301581211281698,1676507136.6865776,2023-02-15 16:25:36.686586
0,0,0,23.525703125,24360,16.926901076754763,1012.2496128965187,8.332237728239111,1676507137.886241,2023-02-15 16:25:37.886249
0,0,0,23.520625,24586,16.94578231358628,1012.2477733732894,8.347565282380048,1676507139.0857992,2023-02-15 16:25:39.085807
0,0,0,23.5180859375,24787,16.95043821014203,1012.2519308900133,8.312923423781374,1676507140.2854211,2023-02-15 16:25:40.285430
0,0,0,23.514375,25155,16.95503438609542,1012.2422545585405,8.393550122062978,1676507141.4786687,2023-02-15 16:25:41.478677
0,0,0,23.5118359375,25230,16.95969054491363,1012.2379498836974,8.429418432432227,1676507142.6782894,2023-02-15 16:25:42.678298
0,0,0,23.50734375,25503,16.95946104223156,1012.2371035659801,8.436470312122239,1676507143.8779526,2023-02-15 16:25:43.877960
0,0,0,23.50421875,25751,16.959301394545136,1012.2368826899275,8.4383107462555,1676507145.0773842,2023-02-15 16:25:45.077391
0,0,0,23.501875,25972,16.973540025744743,1012.2396786953759,8.415013252021064,1676507146.2766702,2023-02-15 16:25:46.276678
0,0,0,23.499921875,26148,16.973440175420468,1012.2380597578589,8.428502914472965,1676507147.476056,2023-02-15 16:25:47.476064
0,0,0,23.4977734375,26392,16.982903478957112,1012.234417296522,8.45885348502501,1676507148.6757169,2023-02-15 16:25:48.675725
0,0,0,23.495234375,26541,16.992347485014584,1012.2385744578299,8.42421421780129,1676507149.875258,2023-02-15 16:25:49.875265
0,0,0,23.4926953125,26624,16.992217557954753,1012.2359620769511,8.445981692463322,1676507151.0680537,2023-02-15 16:25:51.068062
0,0,0,23.49015625,27032,16.99208763434256,1012.2384267785854,8.42544474320548,1676507152.2675369,2023-02-15 16:25:52.267544
0,0,0,23.487421875,27240,16.982374051016365,1012.2422526508176,8.393566017961088,1676507153.4670315,2023-02-15 16:25:53.467039
0,0,0,23.4844921875,27346,16.99179781717006,1012.2305161757752,8.491359416243832,1676507154.666541,2023-02-15 16:25:54.666549
0,0,0,23.4817578125,27488,17.001232234907576,1012.2258802704129,8.529988042517857,1676507155.865963,2023-02-15 16:25:55.865971
0,0,0,23.4794140625,27776,16.991537995671024,1012.2219066421956,8.563098366379526,1676507157.058785,2023-02-15 16:25:57.058794
0,0,0,23.4762890625,27740,16.991378112372608,1012.2267624385902,8.522637375640308,1676507158.2517853,2023-02-15 16:25:58.251794
0,0,0,23.475703125,28052,16.996135118391795,1012.2325383268559,8.474509911288058,1676507159.4515362,2023-02-15 16:25:59.451545
0,0,0,23.47375,28220,16.99603516939984,1012.2292269267792,8.502102053784583,1676507160.6446097,2023-02-15 16:26:00.644618
0,0,0,23.4721875,28371,16.981594997090212,1012.2299624419261,8.495973389416214,1676507161.83761,2023-02-15 16:26:01.837618
0,0,0,23.4704296875,28601,16.991078345265223,1012.228674489231,8.506705230308583,1676507163.030608,2023-02-15 16:26:03.030617
0,0,0,23.467890625,28834,17.00052241746046,1012.2192927455937,8.584878761097706,1676507164.2235768,2023-02-15 16:26:04.223586
0,0,0,23.4657421875,29051,16.995625399868448,1012.222419416282,8.558825661774392,1676507165.4182994,2023-02-15 16:26:05.418308
0,0,0,23.4633984375,29071,16.981145599335495,1012.2218303169572,8.563734348736936,1676507166.6113822,2023-02-15 16:26:06.611391
0,0,0,23.4610546875,29394,17.00495973995075,1012.2195489102301,8.582744257330504,1676507167.8043048,2023-02-15 16:26:07.804314
0,0,0,23.4591015625,29435,17.004859755883764,1012.2213143427334,8.56803372060621,1676507168.9983814,2023-02-15 16:26:08.998389
0,0,0,23.4571484375,29599,17.014334662409265,1012.240002523813,8.412314980546324,1676507170.1927192,2023-02-15 16:26:10.192726
0,0,0,23.455390625,29786,17.014244634992927,1012.2319453618683,8.479450769011462,1676507171.3936887,2023-02-15 16:26:11.393697
0,0,0,23.452265625,29766,17.018872271665344,1012.2384928622686,8.424894106223979,1676507172.5879304,2023-02-15 16:26:12.587938
0,0,0,23.4503125,30211,17.013984565085412,1012.2368736180022,8.43838633744092,1676507173.7816777,2023-02-15 16:26:13.781685
0,0,0,23.448359375,30168,17.023460003798004,1012.2318698566377,8.480079913581957,1676507174.981611,2023-02-15 16:26:14.981618
0,0,0,23.4458203125,30494,17.037694505975892,1012.2174114239444,8.600554974827043,1676507176.1752162,2023-02-15 16:26:16.175224
0,0,0,23.443671875,30450,17.03758434721188,1012.2086920915051,8.673209588921818,1676507177.3761654,2023-02-15 16:26:17.376173
0,0,0,23.442109375,30450,17.047081534205198,1012.2161963607265,8.610679566913602,1676507178.57151,2023-02-15 16:26:18.571523
0,0,0,23.4409375,30759,17.05659949016448,1012.2192861809353,8.584933461429305,1676507179.766219,2023-02-15 16:26:19.766225
0,0,0,23.44015625,30916,17.056559393900688,1012.2264227507377,8.525467824266592,1676507180.9625404,2023-02-15 16:26:20.962546
0,0,0,23.4383984375,31258,17.042102470609695,1012.2234423906164,8.550301704388964,1676507182.1542203,2023-02-15 16:26:22.154226
0,0,0,23.435859375,31212,17.03718379075309,1012.2225218738879,8.557971931080745,1676507183.3490574,2023-02-15 16:26:23.349063
0,0,0,23.4346875,31490,17.041912164860623,1012.2323804975583,8.475825017553756,1676507184.542133,2023-02-15 16:26:24.542142
0,0,0,23.433125,31679,17.032255369133956,1012.2365001188871,8.441498493239783,1676507185.7356517,2023-02-15 16:26:25.735659
0,0,0,23.4317578125,31561,17.022609460875287,1012.2358742326927,8.44671364918024,1676507186.9370832,2023-02-15 16:26:26.937092
0,0,0,23.4282421875,31893,17.017641793267845,1012.23160560919,8.4822817460621,1676507188.1359375,2023-02-15 16:26:28.135943
0,0,0,23.426484375,32014,17.01755177040198,1012.2353939873714,8.450715263804193,1676507189.3291972,2023-02-15 16:26:29.329204
0,1,1,23.42453125,32208,17.007877299510884,1012.2303902054005,8.492409060994813,1676507190.5275095,2023-02-15 16:26:30.527516
0,1,1,23.422578125,32159,16.99820373146208,1012.2270786247814,8.520002755272781,1676507191.7214348,2023-02-15 16:26:31.721441
0,1,1,23.4204296875,32282,16.99809382104866,1012.2285124355485,8.50805554026296,1676507192.915989,2023-02-15 16:26:32.915997
1,1,1,23.419453125,32405,16.99804386258649,1012.2387018989239,8.423152325267582,1676507194.109297,2023-02-15 16:26:34.109305
1,1,1,23.4173046875,32705,16.993147525288855,1012.2418278097929,8.397105961553459,1676507195.3024395,2023-02-15 16:26:35.302448
1,1,1,23.41515625,32908,16.99782405141668,1012.2415693411618,8.399259625088627,1676507196.4975028,2023-02-15 16:26:36.497511
0,1,1,23.413203125,33011,17.00729749578485,1012.2433341836149,8.384554264007425,1676507197.6917186,2023-02-15 16:26:37.691726
0,1,1,23.411640625,33088,16.988071698366458,1012.2406848534337,8.406629532335488,1676507198.8879023,2023-02-15 16:26:38.887908
0,1,1,23.408515625,32985,16.987911928352446,1012.2353861991728,8.450780158501091,1676507200.0827389,2023-02-15 16:26:40.082745
1,1,1,23.4063671875,33270,16.987802089498274,1012.2317433790889,8.481133783207897,1676507201.276743,2023-02-15 16:26:41.276749
1,1,1,23.4044140625,33375,16.982916373878197,1012.2335081497465,8.466428904779995,1676507202.4703865,2023-02-15 16:26:42.470392
1,1,1,23.402265625,33480,16.978020930890608,1012.2349417250689,8.454483713052529,1676507203.6694102,2023-02-15 16:26:43.669418
0,0,0,23.400703125,33640,16.94923159544897,1012.232292383809,8.476559221890254,1676507204.8634315,2023-02-15 16:26:44.863440
0,0,0,23.39875,33963,16.953916342497607,1012.2323649619389,8.475954467483826,1676507206.0646026,2023-02-15 16:26:46.064611
0,0,0,23.3966015625,33828,16.958591272130306,1012.2253378726813,8.534507574523222,1676507207.2656715,2023-02-15 16:26:47.265680
1,1,1,23.3946484375,34018,16.9632763202813,1012.2220262056439,8.562102100402175,1676507208.460927,2023-02-15 16:26:48.460932
1,1,1,23.3938671875,34018,16.958451706552115,1012.2274699910755,8.516741697869762,1676507209.6546457,2023-02-15 16:26:49.654652
1,1,1,23.3934765625,34127,16.958431768938418,1012.2268076540838,8.522260617649962,1676507210.847891,2023-02-15 16:26:50.847896
1,1,1,23.3919140625,34293,16.9487832133521,1012.2292346311739,8.50203785705688,1676507212.041054,2023-02-15 16:26:52.041059
1,1,1,23.3909375,34488,16.95830217643617,1012.2428077358387,8.388940831653265,1676507213.2402709,2023-02-15 16:26:53.240279
1,1,1,23.388984375,34573,16.948633761818414,1012.2394959936261,8.416535598307647,1676507214.4407182,2023-02-15 16:26:54.440727
1,1,1,23.387421875,34857,16.943770011176376,1012.2419228932747,8.396313688239172,1676507215.635424,2023-02-15 16:26:55.635433
1,1,1,23.3856640625,34943,16.94846438895358,1012.2406344085538,8.407049859511236,1676507216.835735,2023-02-15 16:26:56.835744
1,1,1,23.384296875,35088,16.953178853675563,1012.2366240911008,8.440465503157784,1676507218.0354192,2023-02-15 16:26:58.035428
1,1,1,23.3825390625,35263,16.94352100248008,1012.2336435184556,8.4653009514752,1676507219.2282999,2023-02-15 16:26:59.228309
1,1,1,23.3815625,35001,16.948255171776776,1012.2404480540494,8.408602640871111,1676507220.4219346,2023-02-15 16:27:00.421944
1,1,1,23.3786328125,35175,16.933754541271924,1012.2439407727338,8.379499929811853,1676507221.6163666,2023-02-15 16:27:01.616376
0,1,1,23.3774609375,35470,16.9384783303191,1012.243645769292,8.381958011816184,1676507222.8163664,2023-02-15 16:27:02.816375
0,1,1,23.3755078125,35351,16.938378760870982,1012.2284895145604,8.508246529079317,1676507224.0174432,2023-02-15 16:27:04.017451
0,0,0,23.3739453125,35470,16.93351563549957,1012.2292242337431,8.502124493457032,1676507225.2188535,2023-02-15 16:27:05.218862
0,0,0,23.3727734375,35799,16.94302302326846,1012.235697468761,8.448186523597128,1676507226.4201448,2023-02-15 16:27:06.420154
0,0,0,23.370234375,35890,16.938109933530175,1012.2347762510138,8.455862516299849,1676507227.6215134,2023-02-15 16:27:07.621522
0,1,1,23.3692578125,35890,16.93327674145082,1012.233120354169,8.469660193595324,1676507228.8224678,2023-02-15 16:27:08.822476
0,1,1,23.3680859375,35860,16.947567807154407,1012.2345173718733,8.458019612531153,1676507230.0156271,2023-02-15 16:27:10.015636
0,1,1,23.36671875,35981,16.947498079929723,1012.2288150260954,8.505534209070483,1676507231.2163324,2023-02-15 16:27:11.216341
0,1,1,23.365546875,36321,16.95222227766609,1012.2285199929381,8.507992568422791,1676507232.4089854,2023-02-15 16:27:12.408993
0,0,0,23.3649609375,36227,16.96176089895061,1012.2359866467152,8.445776966469234,1676507233.6018534,2023-02-15 16:27:13.601862
0,0,0,23.3641796875,36352,16.966505571410124,1012.2329698836005,8.470913982954501,1676507234.8014188,2023-02-15 16:27:14.801427
0,0,0,23.36203125,36414,16.975965530190823,1012.2360950162536,8.444873984246762,1676507235.9942353,2023-02-15 16:27:15.994244
0,0,0,23.3618359375,36477,16.98074067012981,1012.2357638334099,8.44763354428442,1676507237.1938899,2023-02-15 16:27:17.193898
0,0,0,23.360859375,36540,16.995047288984996,1012.2307238643798,8.48962885676994,1676507238.3870077,2023-02-15 16:27:18.387017
0,0,0,23.3598828125,36571,17.009355633138984,1012.2324520067248,8.475229170282951,1676507239.5806527,2023-02-15 16:27:19.580662
0,0,0,23.3583203125,36635,17.014062160517085,1012.2348786108106,8.455009609032377,1676507240.7736478,2023-02-15 16:27:20.773657
0,0,0,23.357734375,36825,17.037967489522284,1012.2406531387576,8.406893791862963,1676507241.966745,2023-02-15 16:27:21.966754
0,0,0,23.356171875,36890,17.047462913411287,1012.2346196215362,8.457167622771522,1676507243.161482,2023-02-15 16:27:23.161490
0,0,0,23.3548046875,36954,17.0665461267572,1012.232301330521,8.476484673763165,1676507244.361143,2023-02-15 16:27:24.361151
0,1,1,23.354609375,37051,17.08090317325964,1012.2387381926062,8.422849911137464,1676507245.553636,2023-02-15 16:27:25.553644
0,1,1,23.353828125,37051,17.100021905184605,1012.2475655073125,8.349297296182412,1676507246.7531168,2023-02-15 16:27:26.753125
0,1,1,23.3520703125,37148,17.104721735385525,1012.2513528268041,8.317740038273216,1676507247.9526498,2023-02-15 16:27:27.952657
0,1,1,23.350703125,37213,17.1190231576414,1012.2490344887751,8.33705722243894,1676507249.1521232,2023-02-15 16:27:29.152131
0,1,1,23.349921875,37312,17.12856508438292,1012.2460177247541,8.362193984122166,1676507250.3515964,2023-02-15 16:27:30.351604
0,1,1,23.3489453125,37411,17.142889462149647,1012.2460537707432,8.361893635629853,1676507251.551244,2023-02-15 16:27:31.551252
0,1,1,23.3469921875,37710,17.152372891563093,1012.2495098347661,8.33309647439193,1676507252.7506685,2023-02-15 16:27:32.750677
0,1,1,23.3469921875,37710,17.152372891563093,1012.244433857168,8.375391362178549,1676507253.9502964,2023-02-15 16:27:33.950304
0,0,0,23.3454296875,37845,17.166669871870038,1012.2485522839794,8.341075121970668,1676507255.142845,2023-02-15 16:27:35.142853
0,0,0,23.3442578125,37912,17.171402315904412,1012.243181157063,8.38582934057314,1676507256.3422408,2023-02-15 16:27:36.342248
0,0,0,23.34328125,37610,17.17614500978728,1012.2449091649559,8.371430917879078,1676507257.5355554,2023-02-15 16:27:37.535564
0,1,1,23.3426953125,38049,17.17611477210425,1012.2523754949486,8.309218829434638,1676507258.736934,2023-02-15 16:27:38.736942
0,1,1,23.3407421875,38151,17.176013981167664,1012.2541394762545,8.2945207708199,1676507259.9304135,2023-02-15 16:27:39.930421
0,1,1,23.34015625,38533,17.16160523151276,1012.2582218135448,8.26050550530156,1676507261.1313536,2023-02-15 16:27:41.131362
0,1,1,23.33859375,38151,17.166317278532592,1012.2538802613111,8.296680631657294,1676507262.3254437,2023-02-15 16:27:42.325452
0,1,1,23.33859375,38393,17.166317278532592,1012.2572642038201,8.268484588364805,1676507263.5262887,2023-02-15 16:27:43.526297
0,1,1,23.3372265625,38324,17.17583256267761,1012.2549458183971,8.287802076095968,1676507264.7203991,2023-02-15 16:27:44.720408
0,0,0,23.3372265625,38638,17.17103956276829,1012.2583297539369,8.259606114905921,1676507265.9129093,2023-02-15 16:27:45.912917
0,0,0,23.3372265625,38463,17.166246762894474,1012.2583297539369,8.259606114905921,1676507267.1123576,2023-02-15 16:27:47.112366
0,0,0,23.336640625,38568,17.180595519313623,1012.2590281238403,8.253787097877119,1676507268.3061738,2023-02-15 16:27:48.306179
0,0,0,23.33546875,38603,17.170948878658447,1012.2655007461068,8.19985551948714,1676507269.4994276,2023-02-15 16:27:49.499433
0,0,0,23.33390625,38958,17.16128295774274,1012.2780787731931,8.095052912853818,1676507270.6926627,2023-02-15 16:27:50.692668
0,0,0,23.33234375,39102,17.146825981886018,1012.2788130370571,8.088934913849656,1676507271.8859248,2023-02-15 16:27:51.885931
0,1,1,23.3309765625,38744,17.14196382203973,1012.2798784943437,8.080057366900252,1676507273.0849452,2023-02-15 16:27:53.084954
0,1,1,23.3294140625,39283,17.132300541713118,1012.2789207812515,8.088037173018181,1676507274.2844927,2023-02-15 16:27:54.284502
0,1,1,23.3284375,39319,17.127459179715792,1012.2755727948017,8.11593313579065,1676507275.484082,2023-02-15 16:27:55.484089
0,0,0,23.326875,39138,17.117797227479176,1012.2830747894451,8.053425410998631,1676507276.6768823,2023-02-15 16:27:56.676891
0,0,0,23.3253125,39246,17.117716849305786,1012.2804251075831,8.075502907860235,1676507277.876434,2023-02-15 16:27:57.876443
0,0,0,23.3247265625,39429,17.11289626928957,1012.2777395407485,8.097879450766829,1676507279.0693996,2023-02-15 16:27:59.069409
0,0,0,23.3243359375,39392,17.10329591319526,1012.2838448648986,8.04700905007908,1676507280.2623272,2023-02-15 16:28:00.262336
0,0,0,23.32375,39392,17.09847596880531,1012.2845431648963,8.04119073426774,1676507281.4617522,2023-02-15 16:28:01.461761
0,0,0,23.322578125,39650,17.10799556894551,1012.2893236198477,8.001359521654066,1676507282.6548436,2023-02-15 16:28:02.654853
0,0,0,23.321796875,39502,17.107955401619602,1012.2846149055272,8.040592983270539,1676507283.854526,2023-02-15 16:28:03.854534
0,0,0,23.3196484375,39502,17.103054970082578,1012.2809715677884,8.07094972591628,1676507285.053959,2023-02-15 16:28:05.053967
0,0,0,23.3180859375,39762,17.117345117368426,1012.2698622743167,8.1635142853466,1676507286.2536397,2023-02-15 16:28:06.253649
0,1,1,23.3165234375,39613,17.107684280769075,1012.2655206850884,8.199689383122493,1676507287.4464996,2023-02-15 16:28:07.446510
0,1,1,23.3159375,39837,17.1076541571548,1012.2645270592152,8.20796851500561,1676507288.647562,2023-02-15 16:28:08.647569
0,1,1,23.314765625,39725,17.107593910481047,1012.2709993586938,8.154039863374294,1676507289.8418348,2023-02-15 16:28:09.841844
0,1,1,23.3137890625,39987,17.112333803177567,1012.2625756740279,8.224227949051683,1676507291.0421233,2023-02-15 16:28:11.042131
0,1,1,23.3128125,40176,17.10749350100201,1012.2727629657006,8.139345142443846,1676507292.2445526,2023-02-15 16:28:12.244561
0,1,1,23.31125,39987,17.11699350495297,1012.271805169629,8.147325685382228,1676507293.4429536,2023-02-15 16:28:13.442963
0,0,0,23.310859375,39987,17.112183153556582,1012.267758944384,8.181039687646678,1676507294.6424842,2023-02-15 16:28:14.642493
0,0,0,23.309296875,40176,17.12647412882146,1012.2600335670317,8.245409464417758,1676507295.842238,2023-02-15 16:28:15.842247
0,0,0,23.308125,40291,17.11204255141611,1012.259738202332,8.247870524882353,1676507297.0422082,2023-02-15 16:28:17.042217
0,0,0,23.3071484375,40291,17.121572961883434,1012.2597740428455,8.247571891771011,1676507298.2417974,2023-02-15 16:28:18.241806
0,1,1,23.306171875,40368,17.116732323461914,1012.2615017663688,8.233176029622886,1676507299.4411526,2023-02-15 16:28:19.441160
0,1,1,23.304609375,40522,17.111861783155106,1012.2690033789294,8.170670784893574,1676507300.6409726,2023-02-15 16:28:20.640980
0,1,1,23.3040234375,40600,17.10704168377552,1012.2747772665939,8.122561616033677,1676507301.8354447,2023-02-15 16:28:21.835454
0,1,1,23.3034375,40522,17.107011564106628,1012.2805511435482,8.074452758603966,1676507303.03641,2023-02-15 16:28:23.036418
0,1,1,23.3024609375,40992,17.10217161324003,1012.2772031744203,8.102348540669363,1676507304.2293308,2023-02-15 16:28:24.229339
0,1,1,23.301875,40795,17.097351957361088,1012.271133891118,8.152918911987475,1676507305.4224133,2023-02-15 16:28:25.422422
0,1,1,23.30109375,40756,17.092522484713136,1012.2698090282641,8.163957942668187,1676507306.615558,2023-02-15 16:28:26.615567
0,1,1,23.3008984375,40874,17.097301784286323,1012.2660940643711,8.194911850796,1676507307.8151019,2023-02-15 16:28:27.815109
0,0,0,23.3003125,41112,17.0829043085423,1012.2735597843421,8.132705899383643,1676507309.0146,2023-02-15 16:28:29.014608
0,0,0,23.298359375,40992,17.10196083568794,1012.2719394826299,8.146206562996868,1676507310.2140367,2023-02-15 16:28:30.214044
0,0,0,23.2973828125,41112,17.097121165468835,1012.2736671269791,8.131811500631462,1676507311.4133956,2023-02-15 16:28:31.413404
0,0,0,23.29640625,41514,17.087492647178163,1012.2753947619914,8.117416535955266,1676507312.6127884,2023-02-15 16:28:32.612797
0,0,0,23.295234375,41393,17.087432473168302,1012.2734074479376,8.1339751946814,1676507313.8057337,2023-02-15 16:28:33.805743
0,0,0,23.295234375,41312,17.097010790578654,1012.2784830277109,8.0916846018339,1676507314.9987154,2023-02-15 16:28:34.998725
0,0,1,23.29484375,41393,17.092201468984946,1012.2727450101747,8.139494751314135,1676507316.191719,2023-02-15 16:28:36.191727
0,0,1,23.2942578125,41393,17.09696062099562,1012.2734432109523,8.133677210569147,1676507317.3912847,2023-02-15 16:28:37.391292
0,0,1,23.29328125,41555,17.092121218338427,1012.278554534166,8.091088799133274,1676507318.584348,2023-02-15 16:28:38.584357
0,0,1,23.2930859375,41678,17.0969004181738,1012.286682586679,8.023364846403348,1676507319.7838705,2023-02-15 16:28:39.783879
0,0,1,23.292109375,41555,17.11600912417521,1012.2850264678902,8.037163800096016,1676507320.9776442,2023-02-15 16:28:40.977653
0,0,1,23.2911328125,41719,17.10158948775976,1012.2918295998519,7.9804795149387076,1676507322.1704752,2023-02-15 16:28:42.170484
0,0,1,23.290546875,41637,17.101559379700998,1012.2891440729115,8.002855521324886,1676507323.3698533,2023-02-15 16:28:43.369862
0,0,1,23.2895703125,41925,17.09193062832016,1012.2925634838936,7.974364747927073,1676507324.5642173,2023-02-15 16:28:44.564227
0,0,1,23.2895703125,41842,17.106298785927088,1012.2874879456454,8.01665451848529,1676507325.7666996,2023-02-15 16:28:45.766708
0,0,1,23.2891796875,41801,17.09669974744147,1012.2902091849136,7.993980924669323,1676507326.9605343,2023-02-15 16:28:46.960543
0,0,1,23.288203125,41966,17.0918604128137,1012.2817856845498,8.064166396248641,1676507328.1554186,2023-02-15 16:28:48.155427
0,0,1,23.2880078125,42133,17.087061416438925,1012.2865299854361,8.024636335035229,1676507329.3491125,2023-02-15 16:28:49.349122
0,0,1,23.28703125,42217,17.08701127579331,1012.2831820184824,8.052531965578751,1676507330.549351,2023-02-15 16:28:50.549360
0,0,1,23.286640625,42217,17.07262557572503,1012.2825195686279,8.058051579809192,1676507331.7429738,2023-02-15 16:28:51.742983
0,0,1,23.2860546875,42302,17.091750076193687,1012.2916769145507,7.9817516987196955,1676507332.943205,2023-02-15 16:28:52.943212
0,1,1,23.2844921875,42302,17.082092192138717,1012.2907189247428,7.989733735147871,1676507334.1359959,2023-02-15 16:28:54.136005
0,1,1,23.284296875,42302,17.08687088471609,1012.288695864161,8.006590034009406,1676507335.3289113,2023-02-15 16:28:55.328920
0,1,1,23.285078125,42599,17.101278380069246,1012.2900207751267,7.995550769222061,1676507336.5287035,2023-02-15 16:28:56.528713
0,1,1,23.2844921875,42429,17.106037794479523,1012.2822597613402,8.060216327100289,1676507337.7284672,2023-02-15 16:28:57.728475
0,1,1,23.2844921875,42556,17.110827515082903,1012.2805679289714,8.074312900124676,1676507338.927995,2023-02-15 16:28:58.928002
0,1,1,23.28390625,42685,17.115587307146416,1012.2761905926368,8.110785539022848,1676507340.120828,2023-02-15 16:29:00.120836
0,1,1,23.2833203125,42471,17.11555717874652,1012.2802724083158,8.076775219613152,1676507341.319368,2023-02-15 16:29:01.319376
0,1,1,23.2833203125,42642,17.120347284359298,1012.2836560670355,8.04858213612307,1676507342.5189197,2023-02-15 16:29:02.518928
0,1,1,23.28234375,42858,17.129877844431192,1012.2887672432544,8.005995297360913,1676507343.7190237,2023-02-15 16:29:03.719033
0,1,1,23.28078125,42642,17.14896133601522,1012.2844255939935,8.042170348307604,1676507344.9194813,2023-02-15 16:29:04.919489
0,1,1,23.2798046875,42771,17.144119775151943,1012.2827694562351,8.055969484971289,1676507346.1220894,2023-02-15 16:29:06.122099
0,1,1,23.27921875,42858,17.15367230907045,1012.2885430495897,8.007863298066006,1676507347.3271651,2023-02-15 16:29:07.327173
0,1,1,23.278828125,42901,17.158443832399378,1012.2878805906812,8.013382964066952,1676507348.5271063,2023-02-15 16:29:08.527115
0,1,1,23.2782421875,43163,17.172789759928758,1012.2868869025574,8.021662466557798,1676507349.7281628,2023-02-15 16:29:09.728171
0,1,1,23.2782421875,43207,17.16320547842841,1012.2851950861321,8.035758854563776,1676507350.92925,2023-02-15 16:29:10.929258
0,1,1,23.2770703125,42988,17.16314507460332,1012.2882831540039,8.01002877064128,1676507352.1233099,2023-02-15 16:29:12.123318
0,1,1,23.2762890625,43251,17.16310480579886,1012.2886500449598,8.0069718034921,1676507353.3165212,2023-02-15 16:29:13.316531
0,1,1,23.27765625,43384,17.15838344328119,1012.290968659873,7.987652924414417,1676507354.5107286,2023-02-15 16:29:14.510737
0,1,1,23.2778515625,43251,17.158393508082703,1012.2896080750204,7.9989894184656745,1676507355.711908,2023-02-15 16:29:15.711916
0,1,1,23.2782421875,43384,17.14883055652444,1012.2885787190867,8.00756609676181,1676507356.9075294,2023-02-15 16:29:16.907538
0,1,1,23.277265625,43207,17.13919800173994,1012.2886143842101,8.0072689319022,1676507358.117687,2023-02-15 16:29:18.117695
0,0,0,23.2762890625,43562,17.13435691318999,1012.2903418565262,7.992875494925968,1676507359.310614,2023-02-15 16:29:19.310623
0,0,0,23.2766796875,43518,17.134377017394595,1012.2977715703495,7.930970754096337,1676507360.5102432,2023-02-15 16:29:20.510251
0,0,0,23.27609375,43518,17.13434686111856,1012.2967778706187,7.939250287795168,1676507361.703318,2023-02-15 16:29:21.703327
0,0,0,23.275703125,43562,17.13432675703744,1012.2961154042913,7.944769979250726,1676507362.9029613,2023-02-15 16:29:22.902970
0,0,0,23.2751171875,43340,17.13908740130994,1012.2900462788991,7.995338269856114,1676507364.0957687,2023-02-15 16:29:24.095777
0,0,0,23.2747265625,43607,17.153440878330482,1012.2893838160551,8.00085796200562,1676507365.2890134,2023-02-15 16:29:25.289022
0,0,0,23.2735546875,43562,17.16296386758053,1012.2806292117682,8.073802283354278,1676507366.48875,2023-02-15 16:29:26.488759
0,0,0,23.2731640625,43562,17.158151958534308,1012.2850421627234,8.037033029031239,1676507367.681795,2023-02-15 16:29:27.681803
0,0,0,23.2723828125,43652,17.177279962887777,1012.288792644223,8.005783654351692,1676507368.8816464,2023-02-15 16:29:28.881655
0,0,0,23.27140625,43833,17.17243723884438,1012.2854446856177,8.033679164847094,1676507370.0746481,2023-02-15 16:29:30.074657
0,0,0,23.2716015625,43697,17.172447310524756,1012.2857759170093,8.030919309960181,1676507371.274247,2023-02-15 16:29:31.274254
0,0,0,23.271015625,43969,17.158041252291746,1012.2898576161522,7.996910222298754,1676507372.4671674,2023-02-15 16:29:32.467177
0,1,1,23.270625,43878,17.181981838018515,1012.2807361675187,8.072911113247924,1676507373.6603932,2023-02-15 16:29:33.660402
0,1,1,23.2700390625,43969,17.172366737659218,1012.2797424770827,8.081190682318429,1676507374.853344,2023-02-15 16:29:34.853352
0,1,1,23.26828125,44106,17.172276094763223,1012.2767614074971,8.106029414659726,1676507376.0465412,2023-02-15 16:29:36.046549
0,0,0,23.267890625,44477,17.157880229481307,1012.2777907369295,8.097452876112952,1676507377.239511,2023-02-15 16:29:37.239519
0,0,0,23.2673046875,44060,17.148267238513373,1012.2751052588434,8.11982872670037,1676507378.4323416,2023-02-15 16:29:38.432350
0,0,0,23.26671875,44523,17.138655078077075,1012.2774951417877,8.099915821700224,1676507379.625337,2023-02-15 16:29:39.625346
0,0,0,23.266328125,44430,17.133844283790044,1012.2768326806307,8.105435555211013,1676507380.8196516,2023-02-15 16:29:40.819660
0,0,0,23.2669140625,44477,17.124293647733936,1012.2829017324061,8.05486734351886,1676507382.0126963,2023-02-15 16:29:42.012705
0,0,0,23.266328125,44523,17.10989384873475,1012.2785244656086,8.091339334938722,1676507383.2057922,2023-02-15 16:29:43.205801
0,1,1,23.26671875,44523,17.114703617650644,1012.2825705001975,8.057627211556335,1676507384.3987982,2023-02-15 16:29:44.398807
0,1,1,23.266328125,44711,17.105104361868797,1012.2869833920563,8.0208585067271,1676507385.5918927,2023-02-15 16:29:45.591901
0,1,1,23.266328125,44758,17.105104361868797,1012.2903669633624,7.992666302912374,1676507386.784828,2023-02-15 16:29:46.784836
0,1,2,23.2659375,44806,17.090717044772788,1012.2863209246976,8.026378250022066,1676507387.9787881,2023-02-15 16:29:47.978793
